Metric,Value_Pct,Category,Source,Edition,Implication_For_Role
Marketers_adopted_AI,75,AI Adoption,"SF State of Marketing 10th Ed, Oct-Nov 2025 survey","10th Edition 2026","75% have AI — but most still send generic campaigns"
Marketers_running_generic_campaigns,84,AI Adoption,"SF State of Marketing 10th Ed","10th Edition 2026","Data unification gap drives this — core of this role"
Marketers_struggle_respond_promptly,69,Data Unification,"SF State of Marketing 10th Ed","10th Edition 2026","Siloed data = slow response; unified pipeline fixes this"
Marketers_expect_two_way_conversations,83,Customer Engagement,"SF State of Marketing 10th Ed","10th Edition 2026","Signals need for real-time reporting infrastructure"
High_performers_unified_data_advantage,42,Data Unification,"SF State of Marketing 10th Ed","10th Edition 2026","Unified data teams 42% more likely to respond to customers"
High_performers_use_AI_agents,60,AI Adoption,"SF State of Marketing 10th Ed","10th Edition 2026","Unified data teams 60% more likely to use AI agents"
High_performers_2x_more_data_driven,280,High Performer Gap,"SF State of Marketing 10th Ed","10th Edition 2026","High performers 2.8x more likely to use data for personalization"
Marketers_need_more_personalized_content,78,Personalization,"SF State of Marketing 10th Ed","10th Edition 2026","Scale gap — AI + automation needed"
Marketers_hit_personalization_barriers,98,Personalization,"SF State of Marketing 10th Ed","10th Edition 2026","Data quality is #1 blocker"
Marketers_SEO_reshaped_by_AI,85,Channel Shift,"SF State of Marketing 10th Ed","10th Edition 2026","AEO replacing SEO — channel mix shifting"
Marketers_optimizing_for_AI_search,88,Channel Shift,"SF State of Marketing 10th Ed","10th Edition 2026","New channel optimization need emerging"
Marketers_with_access_to_service_data,58,Data Access,"SF State of Marketing 10th Ed","10th Edition 2026","42% still lack cross-dept data access"
Marketers_with_access_to_sales_data,56,Data Access,"SF State of Marketing 10th Ed","10th Edition 2026","Siloed CRM data = attribution gaps"
Marketers_with_access_to_commerce_data,51,Data Access,"SF State of Marketing 10th Ed","10th Edition 2026","Less than half have full data access"
